job_id,tasks_num_of_single_job,task_generation_time,total_time,complation_time,finish_num,shortened_completion_timejob_id_order,tasks_num_of_single_job_order,task_generation_time_order,total_time_order,complation_time_ordered,finish_num
0,80,31,21550,1086,80,-96,0,80,31,21550,1182,80
1,87,70,25950,1582,87,-502,1,87,70,25950,2084,87
2,88,217,21050,2733,88,-1,2,88,217,21050,2734,88
3,89,245,22000,2636,89,-650,3,89,245,22000,3286,89
4,86,337,25450,3234,86,-552,4,86,337,25450,3786,86
5,86,361,23650,3224,86,-507,5,86,361,23650,3731,86
6,85,371,27200,3033,85,-1451,6,85,371,27200,4484,85
7,82,632,23450,3425,82,-1157,7,82,632,23450,4582,82
8,82,791,22100,4124,82,-759,8,82,791,22100,4883,82
9,90,892,25200,5031,90,-1497,9,90,892,25200,6528,90
10,88,1184,22400,5968,88,-2221,10,88,1184,22400,8189,88
11,87,1357,25950,6021,87,-3662,11,87,1357,25950,9683,87
12,90,1360,22500,6284,90,-4544,12,90,1360,22500,10828,90
13,87,1451,24600,6584,87,-7444,13,87,1451,24600,14028,87
14,81,1552,22500,7271,81,-8407,14,81,1552,22500,15678,81
15,81,1707,19800,7184,81,-8249,15,81,1707,19800,15433,81
16,80,1792,23800,7487,80,-2052,16,80,1792,23800,9539,80
17,89,1975,24700,16382,89,4243,17,89,1975,24700,12139,89
18,86,1989,24100,10139,86,-3193,18,86,1989,24100,13332,86
19,83,2200,22600,11339,83,-4050,19,83,2200,22600,15389,83
20,90,2256,27450,9876,90,-7756,20,90,2256,27450,17632,90
21,89,2508,26500,10674,89,2088,21,89,2508,26500,8586,89
22,90,2530,27000,11521,90,2553,22,90,2530,27000,8968,90
23,81,2652,21150,11424,81,1956,23,81,2652,21150,9468,81
24,89,2775,22900,9987,89,-383,24,89,2775,22900,10370,89
25,90,2889,27000,11087,90,-436,25,90,2889,27000,11523,90
26,87,2897,24150,11087,87,-931,26,87,2897,24150,12018,87
27,89,3182,22000,12987,89,403,27,89,3182,22000,12584,89
28,90,3238,23850,12984,90,-1050,28,90,3238,23850,14034,90
29,80,3274,22900,13083,80,-1651,29,80,3274,22900,14734,80
30,90,3404,24300,15037,90,-652,30,90,3404,24300,15689,90
31,88,3457,23300,15636,88,-1603,31,88,3457,23300,17239,88
32,89,3501,24250,15282,89,-3607,32,89,3501,24250,18889,89
33,84,3529,23100,15587,84,-5102,33,84,3529,23100,20689,84
34,86,3789,25450,16136,86,-6148,34,86,3789,25450,22284,86
35,86,3969,20050,16031,86,-7803,35,86,3969,20050,23834,86
36,88,4059,25100,17285,88,-8599,36,88,4059,25100,25884,88
37,86,4079,22750,17034,86,-9450,37,86,4079,22750,26484,86
38,90,4134,24300,17335,90,-10004,38,90,4134,24300,27339,90
39,88,4161,23300,18485,88,-9699,39,88,4161,23300,28184,88
40,90,4251,22950,18435,90,-11854,40,90,4251,22950,30289,90
41,83,4295,21700,18634,83,-12755,41,83,4295,21700,31389,83
42,86,4427,19600,16828,86,-16506,42,86,4427,19600,33334,86
43,84,4690,24450,18887,84,-16202,43,84,4690,24450,35089,84
44,81,4857,21600,19137,81,-17847,44,81,4857,21600,36984,81
45,88,5011,27350,23337,88,-15247,45,88,5011,27350,38584,88
46,88,5092,25550,24437,88,-15652,46,88,5092,25550,40089,88
47,80,5112,20650,24937,80,-15749,47,80,5112,20650,40686,80
48,80,5212,26500,29037,80,-12047,48,80,5212,26500,41084,80
49,85,5259,23150,29237,85,-12502,49,85,5259,23150,41739,85
50,90,5353,22050,29587,90,-12802,50,90,5353,22050,42389,90
51,90,5992,19800,31737,90,6259,51,90,5992,19800,25478,90
52,87,6053,21900,33287,87,6451,52,87,6053,21900,26836,87
53,86,6112,25000,34587,86,6151,53,86,6112,25000,28436,86
54,83,6202,24400,35490,83,5012,54,83,6202,24400,30478,83
55,80,6284,19750,34687,80,3509,55,80,6284,19750,31178,80
56,85,6286,21800,37183,85,4847,56,85,6286,21800,32336,85
57,88,6319,24650,37184,88,3006,57,88,6319,24650,34178,88
58,84,6355,24900,37283,84,1247,58,84,6355,24900,36036,84
59,85,6363,22250,36944,85,-792,59,85,6363,22250,37736,85
60,84,6496,21300,37387,84,-999,60,84,6496,21300,38386,84
61,81,6531,22050,40587,81,1159,61,81,6531,22050,39428,81
62,88,6573,22850,39737,88,-749,62,88,6573,22850,40486,88
63,85,6630,16400,40087,85,-1441,63,85,6630,16400,41528,85
64,88,6933,20600,27975,88,-15153,64,88,6933,20600,43128,88
65,89,6972,21550,28526,89,-16610,65,89,6972,21550,45136,89
66,83,7033,23050,29025,83,-17353,66,83,7033,23050,46378,83
67,86,7255,28600,29776,86,-18760,67,86,7255,28600,48536,86
68,82,7462,27050,31778,82,-18258,68,82,7462,27050,50036,82
69,88,7489,23750,32025,88,-19803,69,88,7489,23750,51828,88
70,82,7494,24800,32026,82,-21402,70,82,7494,24800,53428,82
71,82,7522,25250,32276,82,-22802,71,82,7522,25250,55078,82
72,88,7685,26000,36289,88,-20589,72,88,7685,26000,56878,88
73,88,7734,23300,36939,88,-20439,73,88,7734,23300,57378,88
74,83,7734,23950,35789,83,-22639,74,83,7734,23950,58428,83
75,83,7763,18550,36636,83,-23400,75,83,7763,18550,60036,83
76,81,7803,23400,37686,81,-24642,76,81,7803,23400,62328,81
77,80,7869,24250,38489,80,-25339,77,80,7869,24250,63828,80
78,81,7926,25650,38091,81,-27937,78,81,7926,25650,66028,81
79,82,7953,22550,38382,82,-28696,79,82,7953,22550,67078,82
80,89,8076,26050,39089,89,-29039,80,89,8076,26050,68128,89
81,85,8252,23150,39432,85,-30296,81,85,8252,23150,69728,85
82,89,8514,24250,40286,89,-32092,82,89,8514,24250,72378,89
83,82,8656,25250,40936,82,-32992,83,82,8656,25250,73928,82
84,85,8706,23150,41482,85,-33204,84,85,8706,23150,74686,85
85,80,8741,25600,39776,80,-35960,85,80,8741,25600,75736,80
86,83,8841,23500,40476,83,-36360,86,83,8841,23500,76836,83
87,88,8881,22850,41175,88,-36161,87,88,8881,22850,77336,88
88,80,9118,20200,41725,80,-36803,88,80,9118,20200,78528,80
89,84,9689,24450,42089,84,-38439,89,84,9689,24450,80528,84
90,82,9764,23000,42177,82,-39909,90,82,9764,23000,82086,82
91,82,9827,23450,42689,82,-40497,91,82,9827,23450,83186,82
92,82,9830,25250,42987,82,-41691,92,82,9830,25250,84678,82
93,83,9883,22150,43523,83,5685,93,83,9883,22150,37838,83
94,90,9974,25650,44220,90,4732,94,90,9974,25650,39488,90
95,89,9988,22000,44041,89,3317,95,89,9988,22000,40724,89
96,86,10151,26350,45227,86,3039,96,86,10151,26350,42188,86
97,88,10237,25100,45577,88,1253,97,88,10237,25100,44324,88
98,84,10280,22650,45870,84,-18,98,84,10280,22650,45888,84
99,86,10498,22300,46727,86,-161,99,86,10498,22300,46888,86
100,85,10544,23150,47173,85,-1351,100,85,10544,23150,48524,85
101,84,10795,25800,44036,84,-6988,101,84,10795,25800,51024,84
102,80,10933,24700,46137,80,-6987,102,80,10933,24700,53124,80
103,82,10946,21650,46636,82,-8238,103,82,10946,21650,54874,82
104,82,10951,23900,46941,82,-9147,104,82,10951,23900,56088,82
105,80,10991,21100,46441,80,-10083,105,80,10991,21100,56524,80
106,83,11260,20800,47941,83,-9197,106,83,11260,20800,57138,83
107,82,11323,22550,53891,82,-4347,107,82,11323,22550,58238,82
108,87,11350,22350,56041,87,-3297,108,87,11350,22350,59338,87
109,90,11358,26100,56423,90,-4951,109,90,11358,26100,61374,90
110,81,11430,22950,58091,81,-3783,110,81,11430,22950,61874,81
111,86,11501,24100,58023,86,-5451,111,86,11501,24100,63474,86
112,87,11586,25500,58641,87,-6033,112,87,11586,25500,64674,87
113,87,11872,20550,59438,87,-6836,113,87,11872,20550,66274,87
114,80,11916,26500,59285,80,-8539,114,80,11916,26500,67824,80
115,82,12146,23000,60136,82,-9238,115,82,12146,23000,69374,82
116,90,12227,26100,60235,90,-10839,116,90,12227,26100,71074,90
117,90,12355,25200,60686,90,-11688,117,90,12355,25200,72374,90
118,80,12413,22000,60785,80,-13103,118,80,12413,22000,73888,80
119,86,12439,23200,61238,86,-12986,119,86,12439,23200,74224,86
120,89,12831,23350,49385,89,-27439,120,89,12831,23350,76824,89
121,83,12923,18550,49131,83,-29793,121,83,12923,18550,78924,83
122,88,13166,21950,49686,88,-29252,122,88,13166,21950,78938,88
123,89,13345,26950,50286,89,-29702,123,89,13345,26950,79988,89
124,88,13348,25100,50895,88,-30693,124,88,13348,25100,81588,88
125,83,13712,20800,51986,83,-30252,125,83,13712,20800,82238,83
126,80,13747,20650,52031,80,-31707,126,80,13747,20650,83738,80
127,86,13941,23650,52685,86,-31989,127,86,13941,23650,84674,86
128,89,13963,24700,52531,89,-32793,128,89,13963,24700,85324,89
129,83,14083,22600,53936,83,-32902,129,83,14083,22600,86838,83
130,83,14111,24850,54086,83,-33838,130,83,14111,24850,87924,83
131,89,14142,25600,54281,89,-34793,131,89,14142,25600,89074,89
132,84,14280,23550,54545,84,-36129,132,84,14280,23550,90674,84
133,88,14379,26900,55331,88,-36443,133,88,14379,26900,91774,88
134,86,14613,23650,55936,86,-37452,134,86,14613,23650,93388,86
135,82,14753,21650,57238,82,-38250,135,82,14753,21650,95488,82
136,82,14851,20300,56981,82,-39157,136,82,14851,20300,96138,82
137,88,15385,24650,60433,88,-37405,137,88,15385,24650,97838,88
138,88,15476,26900,60388,88,-38686,138,88,15476,26900,99074,88
139,88,15512,24650,62083,88,-38105,139,88,15512,24650,100188,88
140,90,15525,24750,62688,90,-39436,140,90,15525,24750,102124,90
141,82,15557,23000,60395,82,-42729,141,82,15557,23000,103124,82
142,86,15841,22300,60786,86,-43902,142,86,15841,22300,104688,86
143,88,15900,24200,61181,88,-45607,143,88,15900,24200,106788,88
144,90,16002,23400,61445,90,-46443,144,90,16002,23400,107888,90
145,81,16032,25200,63186,81,-45438,145,81,16032,25200,108624,81
146,89,16033,26500,63686,89,-47138,146,89,16033,26500,110824,89
147,83,16109,17650,64736,83,-48202,147,83,16109,17650,112938,83
148,86,16194,25900,64885,86,-49539,148,86,16194,25900,114424,86
149,84,16439,22200,65631,84,-49557,149,84,16439,22200,115188,84
150,85,16562,25400,68036,85,-49252,150,85,16562,25400,117288,85
151,83,16578,22150,66745,83,-52093,151,83,16578,22150,118838,83
152,87,16635,25500,68635,87,-51789,152,87,16635,25500,120424,87
153,85,16649,23150,67985,85,-53039,153,85,16649,23150,121024,85
154,83,16710,23050,68295,83,10807,154,83,16710,23050,57488,83
155,80,16720,22900,68586,80,10100,155,80,16720,22900,58486,80
156,87,16854,28650,70795,87,11357,156,87,16854,28650,59438,87
157,82,16889,20750,71795,82,11659,157,82,16889,20750,60136,82
158,88,16898,24650,70686,88,9948,158,88,16898,24650,60738,88
159,87,16924,23700,71985,87,10800,159,87,16924,23700,61185,87
160,82,16985,24350,72281,82,10596,160,82,16985,24350,61685,82
161,87,17097,26850,73035,87,10699,161,87,17097,26850,62336,87
162,90,17219,25200,74036,90,11200,162,90,17219,25200,62836,90
163,88,17367,21050,74335,88,10797,163,88,17367,21050,63538,88
164,83,17592,23500,75086,83,10798,164,83,17592,23500,64288,83
165,83,17766,19900,75545,83,10260,165,83,17766,19900,65285,83
166,85,18144,24950,77186,85,11401,166,85,18144,24950,65785,85
167,85,18236,23150,77035,85,10399,167,85,18236,23150,66636,85
168,87,18294,23700,67184,87,349,168,87,18294,23700,66835,87
169,81,18543,22050,67783,81,448,169,81,18543,22050,67335,81
170,81,18628,22950,68940,81,1105,170,81,18628,22950,67835,81
171,82,18733,24800,69540,82,604,171,82,18733,24800,68936,82
172,87,18780,22350,69833,87,395,172,87,18780,22350,69438,87
173,87,18975,25500,70233,87,148,173,87,18975,25500,70085,87
174,84,19108,19500,70584,84,-254,174,84,19108,19500,70838,84
175,86,19287,21850,70896,86,-239,175,86,19287,21850,71135,86
176,81,19361,25650,71533,81,-102,176,81,19361,25650,71635,81
177,90,19464,25200,72940,90,52,177,90,19464,25200,72888,90
178,80,19474,24700,72440,80,-996,178,80,19474,24700,73436,80
179,84,19559,19950,73583,84,-603,179,84,19559,19950,74186,84
180,83,19601,24850,73546,83,-940,180,83,19601,24850,74486,83
181,82,19670,27500,74034,82,-1352,181,82,19670,27500,75386,82
182,83,19726,23950,76184,83,149,182,83,19726,23950,76035,83
183,85,19770,24950,75183,85,-1352,183,85,19770,24950,76535,85
184,81,19786,21150,76246,81,-640,184,81,19786,21150,76886,81
185,87,19949,23250,77333,87,-153,185,87,19949,23250,77486,87
186,90,19953,26100,77346,90,-1140,186,90,19953,26100,78486,90
187,84,20032,24000,77734,84,-1352,187,84,20032,24000,79086,84
188,90,20073,25650,77933,90,-1855,188,90,20073,25650,79788,90
189,87,20247,25950,78433,87,-2705,189,87,20247,25950,81138,87
190,84,20270,20850,80146,84,-1642,190,84,20270,20850,81788,84
191,81,20296,18900,79083,81,-3305,191,81,20296,18900,82388,81
192,85,20301,26300,80233,85,-2653,192,85,20301,26300,82886,85
193,82,20408,23000,83140,82,-296,193,82,20408,23000,83436,82
194,85,20454,24950,84140,85,102,194,85,20454,24950,84038,85
195,84,20463,25800,82383,84,-2702,195,84,20463,25800,85085,84
196,84,20496,23100,83784,84,-1852,196,84,20496,23100,85636,84
197,89,20509,26500,84283,89,-1952,197,89,20509,26500,86235,89
198,90,20701,20700,84934,90,-1702,198,90,20701,20700,86636,90
199,89,20726,28300,85683,89,-1205,199,89,20726,28300,86888,89
200,84,20799,23100,87233,84,-655,200,84,20799,23100,87888,84
201,84,20826,23550,87783,84,-652,201,84,20826,23550,88435,84
202,86,20904,26350,87846,86,-940,202,86,20904,26350,88786,86
203,85,21137,22250,88883,85,-205,203,85,21137,22250,89088,85
204,86,21144,24100,89383,86,-553,204,86,21144,24100,89936,86
205,86,21369,26800,90433,86,345,205,86,21369,26800,90088,86
206,87,21407,21900,90433,87,-253,206,87,21407,21900,90686,87
207,87,21760,27750,91046,87,-42,207,87,21760,27750,91088,87
208,90,21903,25200,91483,90,145,208,90,21903,25200,91338,90
209,80,21919,17500,91840,80,-146,209,80,21919,17500,91986,80
210,80,22132,19750,93783,80,1348,210,80,22132,19750,92435,80
211,84,22171,23100,92890,84,52,211,84,22171,23100,92838,84
212,87,22178,25950,93390,87,-48,212,87,22178,25950,93438,87
213,84,22210,21300,95184,84,699,213,84,22210,21300,94485,84
214,80,22289,22450,95233,80,147,214,80,22289,22450,95086,80
215,80,22293,23800,95046,80,-392,215,80,22293,23800,95438,80
216,80,22482,21550,95732,80,-54,216,80,22482,21550,95786,80
217,83,22487,22150,98834,83,2646,217,83,22487,22150,96188,83
218,90,22502,25200,98640,90,1552,218,90,22502,25200,97088,90
219,85,22516,25400,97296,85,-42,219,85,22516,25400,97338,85
220,83,22526,19900,99690,83,1854,220,83,22526,19900,97836,83
221,81,22585,21150,99246,81,860,221,81,22585,21150,98386,81
222,89,22623,23800,99234,89,248,222,89,22623,23800,98986,89
223,83,22802,19000,101690,83,2214,223,83,22802,19000,99476,83
224,86,22814,23650,101433,86,1095,224,86,22814,23650,100338,86
225,84,22864,24000,101883,84,357,225,84,22864,24000,101526,84
226,86,22964,20950,102496,86,467,226,86,22964,20950,102029,86
227,85,23360,24950,103190,85,1352,227,85,23360,24950,101838,85
228,89,23738,22900,100492,89,-1793,228,89,23738,22900,102285,89
229,88,23741,21050,100932,88,-1953,229,88,23741,21050,102885,88
230,82,23864,23900,101541,82,-1844,230,82,23864,23900,103385,82
231,82,23979,23000,102091,82,-1395,231,82,23979,23000,103486,82
232,80,24088,24250,103142,80,-1096,232,80,24088,24250,104238,80
233,82,24104,22550,103691,82,-1294,233,82,24104,22550,104985,82
234,81,24192,24300,104642,81,-796,234,81,24192,24300,105438,81
235,90,24265,27900,104682,90,-1256,235,90,24265,27900,105938,90
236,85,24532,23600,105191,85,-1494,236,85,24532,23600,106685,85
237,80,24542,22450,105242,80,-2493,237,80,24542,22450,107735,80
238,86,24741,20950,107342,86,-546,238,86,24741,20950,107888,86
239,86,24804,23200,107832,86,-606,239,86,24804,23200,108438,86
240,86,24834,24550,107491,86,-1795,240,86,24834,24550,109286,86
241,86,24851,23650,107991,86,-2347,241,86,24851,23650,110338,86
242,87,24914,23250,107892,87,-2946,242,87,24914,23250,110838,87
243,85,25023,24500,108490,85,-3295,243,85,25023,24500,111785,85
244,87,25055,18750,108592,87,-3694,244,87,25055,18750,112286,87
245,88,25203,23750,109292,88,-3593,245,88,25203,23750,112885,88
246,85,25214,24950,109691,85,-3645,246,85,25214,24950,113336,85
247,85,25453,19100,110041,85,-3845,247,85,25453,19100,113886,85
248,90,25469,22950,111790,90,-2648,248,90,25469,22950,114438,90
249,83,25542,23500,112892,83,-2144,249,83,25542,23500,115036,83
250,84,25551,20400,113041,84,-2895,250,84,25551,20400,115936,84
251,83,25561,21250,113541,83,-3045,251,83,25561,21250,116586,83
252,89,25630,24700,113732,89,-3356,252,89,25630,24700,117088,89
253,86,25645,22750,113741,86,-3847,253,86,25645,22750,117588,86
254,86,25969,22300,114332,86,344,254,86,25969,22300,113988,86
255,80,25973,21100,114741,80,355,255,80,25973,21100,114386,80
256,83,26079,20800,116040,83,1054,256,83,26079,20800,114986,83
257,83,26169,24400,115982,83,496,257,83,26169,24400,115486,83
258,81,26240,20700,116590,81,807,258,81,26240,20700,115783,81
259,85,26297,25850,117082,85,894,259,85,26297,25850,116188,85
260,80,26678,24250,118240,80,1357,260,80,26678,24250,116883,80
261,87,26819,22350,119342,87,2259,261,87,26819,22350,117083,87
262,85,26975,18200,119940,85,2554,262,85,26975,18200,117386,85
263,81,27189,22500,121141,81,3453,263,81,27189,22500,117688,81
264,80,27262,24250,121032,80,2949,264,80,27262,24250,118083,80
265,84,27305,23100,121641,84,3005,265,84,27305,23100,118636,84
266,89,27338,27850,121992,89,2610,266,89,27338,27850,119382,89
267,84,27401,23550,119228,84,-704,267,84,27401,23550,119932,84
268,82,27537,23900,120228,82,-508,268,82,27537,23900,120736,82
269,84,27741,23550,120578,84,-358,269,84,27741,23550,120936,84
270,83,27755,22600,115937,83,-3804,270,83,27755,22600,119741,83
271,80,27815,23350,116087,80,-4600,271,80,27815,23350,120687,80
272,83,27833,23050,116286,83,-5451,272,83,27833,23050,121737,83
273,90,28238,27900,118986,90,-3501,273,90,28238,27900,122487,90
274,89,28300,25150,119841,89,-3546,274,89,28300,25150,123387,89
275,81,28309,20250,119435,81,-4602,275,81,28309,20250,124037,81
276,84,28336,23550,119935,84,6907,276,84,28336,23550,113028,84
277,83,28388,22150,119787,83,4659,277,83,28388,22150,115128,83
278,90,28473,25650,120336,90,3647,278,90,28473,25650,116689,90
279,90,28773,25200,120439,90,1700,279,90,28773,25200,118739,90
280,88,28887,21500,121036,88,1247,280,88,28887,21500,119789,88
281,81,28944,23850,121685,81,107,281,81,28944,23850,121578,81
282,80,29421,18850,122235,80,-204,282,80,29421,18850,122439,80
283,80,29493,21550,122587,80,-2452,283,80,29493,21550,125039,80
284,85,29525,24950,123091,85,-3137,284,85,29525,24950,126228,85
285,88,29656,24650,124141,88,-4698,285,88,29656,24650,128839,88
286,80,29657,24250,124185,80,-6154,286,80,29657,24250,130339,80
287,88,29667,25100,124237,88,-8202,287,88,29667,25100,132439,88
288,87,29828,25050,124786,87,-9153,288,87,29828,25050,133939,87
289,80,30105,20650,126185,80,-9143,289,80,30105,20650,135328,80
290,83,30113,24850,126689,83,-11050,290,83,30113,24850,137739,83
291,87,30207,24150,128541,87,-11348,291,87,30207,24150,139889,87
292,81,30239,22050,127685,81,-13093,292,81,30239,22050,140778,81
293,84,30246,20400,128536,84,-12792,293,84,30246,20400,141328,84
294,90,30529,23400,129591,90,-13798,294,90,30529,23400,143389,90
295,86,30571,21850,129686,86,-14592,295,86,30571,21850,144278,86
296,88,30873,23750,130339,88,-15500,296,88,30873,23750,145839,88
297,82,30949,19400,131337,82,-16291,297,82,30949,19400,147628,82
298,81,30994,20250,131236,81,-17942,298,81,30994,20250,149178,81
299,82,31173,23000,131685,82,-18493,299,82,31173,23000,150178,82
300,84,31325,24900,132091,84,-20687,300,84,31325,24900,152778,84
301,86,31585,19600,133336,86,-20942,301,86,31585,19600,154278,86
302,80,31598,24250,133285,80,-24493,302,80,31598,24250,157778,80
303,84,31704,20400,133741,84,-25537,303,84,31704,20400,159278,84
304,86,31771,22300,134385,86,-26454,304,86,31771,22300,160839,86
305,80,32146,20200,134935,80,-26904,305,80,32146,20200,161839,80
306,83,32259,22600,135387,83,-27552,306,83,32259,22600,162939,83
307,89,32285,27850,136485,89,-29054,307,89,32285,27850,165539,89
308,90,32400,26550,137085,90,-29954,308,90,32400,26550,167039,90
309,80,32486,19300,131229,80,-36749,309,80,32486,19300,167978,80
310,83,32504,23950,130630,83,-39009,310,83,32504,23950,169639,83
311,90,32562,25650,131189,90,-40839,311,90,32562,25650,172028,90
312,87,32717,22800,132172,87,-40467,312,87,32717,22800,172639,87
313,87,32794,20550,131980,87,-42359,313,87,32794,20550,174339,87
314,80,32818,23350,132672,80,-42255,314,80,32818,23350,174927,80
315,89,32951,22450,133222,89,-42205,315,89,32951,22450,175427,89
316,83,32984,21700,135229,83,-40546,316,83,32984,21700,175775,83
317,86,33033,25000,134425,86,-42002,317,86,33033,25000,176427,86
318,88,33062,24650,135180,88,-42295,318,88,33062,24650,177475,88
319,83,33205,22600,135925,83,-41961,319,83,33205,22600,177886,83
320,86,33453,22300,136730,86,-42347,320,86,33453,22300,179077,86
321,83,33717,22150,137379,83,-42355,321,83,33717,22150,179734,83
322,86,33807,23650,138339,86,-41895,322,86,33807,23650,180234,86
323,85,33837,21800,138730,85,-42106,323,85,33837,21800,180836,85
324,82,34013,22550,139075,82,-42502,324,82,34013,22550,181577,82
325,84,34111,23550,139939,84,-42345,325,84,34111,23550,182284,84
326,87,34484,25500,140729,87,-42157,326,87,34484,25500,182886,87
327,83,34576,24400,141372,83,-42064,327,83,34576,24400,183436,83
328,83,35083,25300,141830,83,-42397,328,83,35083,25300,184227,83
329,83,35196,25300,143980,83,-40847,329,83,35196,25300,184827,83
330,82,35196,21200,144443,82,-40984,330,82,35196,21200,185427,82
331,88,35211,24650,144523,88,-41461,331,88,35211,24650,185984,88
332,85,35235,21800,144543,85,-42243,332,85,35235,21800,186786,85
333,89,35795,23800,147823,89,-39702,333,89,35795,23800,187525,89
334,88,35830,25100,147393,88,-40643,334,88,35830,25100,188036,88
335,87,36136,21000,148973,87,-39613,335,87,36136,21000,188586,87
336,87,36320,21000,149473,87,-39813,336,87,36320,21000,189286,87
337,80,36415,22900,150393,80,-39243,337,80,36415,22900,189636,80
338,87,36535,25500,151523,87,-38654,338,87,36535,25500,190177,87
339,83,36539,23950,153173,83,-37213,339,83,36539,23950,190386,83
340,84,36884,20400,154993,84,-35993,340,84,36884,20400,190986,84
341,81,37042,22950,161543,81,-30443,341,81,37042,22950,191986,81
342,83,37056,21700,162043,83,-30493,342,83,37056,21700,192536,83
343,82,37071,22550,162723,82,-30011,343,82,37071,22550,192734,82
344,87,37302,22350,165643,87,-27593,344,87,37302,22350,193236,87
345,85,37374,24500,165823,85,-28061,345,85,37374,24500,193884,85
346,82,37414,27500,168123,82,-26504,346,82,37414,27500,194627,82
347,86,37488,20500,168623,86,-26311,347,86,37488,20500,194934,86
348,80,37644,17950,170423,80,-24813,348,80,37644,17950,195236,80
349,81,37739,21600,170593,81,-24943,349,81,37739,21600,195536,81
350,87,37868,26400,171643,87,-24693,350,87,37868,26400,196336,87
351,85,37981,18650,174423,85,-22061,351,85,37981,18650,196484,85
352,87,38183,23700,176293,87,-20793,352,87,38183,23700,197086,87
353,81,38206,22950,180593,81,-17493,353,81,38206,22950,198086,81
354,90,38269,24300,183043,90,-15343,354,90,38269,24300,198386,90
355,84,38284,28500,183543,84,-15034,355,84,38284,28500,198577,84
356,90,38329,24750,183773,90,-15563,356,90,38329,24750,199336,90
357,81,38331,20700,183273,81,-16302,357,81,38331,20700,199575,81
358,88,38752,26900,186973,88,-13413,358,88,38752,26900,200386,88
359,90,38824,26100,190223,90,-10811,359,90,38824,26100,201034,90
360,86,38903,24100,190043,86,-11434,360,86,38903,24100,201477,86
361,86,39009,25000,193193,86,-8991,361,86,39009,25000,202184,86
362,87,39054,21450,193693,87,-8893,362,87,39054,21450,202586,87
363,89,39074,25600,194673,89,-8513,363,89,39074,25600,203186,89
364,87,39084,24150,195843,87,-8184,364,87,39084,24150,204027,87
365,83,39178,23950,161589,83,-43295,365,83,39178,23950,204884,83
366,83,39196,25300,162689,83,-42736,366,83,39196,25300,205425,83
367,90,39270,23850,162429,90,-43298,367,90,39270,23850,205727,90
368,80,39319,22450,163239,80,-43336,368,80,39319,22450,206575,80
369,87,39320,26400,163529,87,-43546,369,87,39320,26400,207075,87
370,84,39852,23100,164529,84,-43605,370,84,39852,23100,208134,84
371,85,39858,22250,165225,85,-43352,371,85,39858,22250,208577,85
372,80,40089,22900,165330,80,-43495,372,80,40089,22900,208825,80
373,89,40245,23350,165679,89,-43605,373,89,40245,23350,209284,89
374,86,40288,26350,166275,86,-43750,374,86,40288,26350,210025,86
375,87,40360,24150,166722,87,-43514,375,87,40360,24150,210236,87
376,89,40423,23800,167030,89,-43706,376,89,40423,23800,210736,89
377,83,40607,25300,168080,83,-43697,377,83,40607,25300,211777,83
378,90,40705,23400,168772,90,-43553,378,90,40705,23400,212325,90
379,82,40739,25700,169130,82,-43804,379,82,40739,25700,212934,82
380,90,40864,26550,170272,90,-43553,380,90,40864,26550,213825,90
381,86,40980,20950,170689,86,-43688,381,86,40980,20950,214377,86
382,81,41185,22950,171822,81,-43062,382,81,41185,22950,214884,81
383,90,41260,27450,172229,90,-43155,383,90,41260,27450,215384,90
384,82,41700,22550,174239,82,-41497,384,82,41700,22550,215736,82
385,89,41725,22000,174975,89,-41361,385,89,41725,22000,216336,89
386,87,41752,23250,175072,87,-42014,386,87,41752,23250,217086,87
387,82,41811,22100,174780,82,-43147,387,82,41811,22100,217927,82
388,90,41860,20250,176075,90,-42402,388,90,41860,20250,218477,90
389,83,41872,22150,175839,83,-42936,389,83,41872,22150,218775,83
390,86,42180,21850,176339,86,-42986,390,86,42180,21850,219325,86
391,85,42307,29000,176922,85,-42912,391,85,42307,29000,219834,85
392,84,42449,21750,178338,84,-42046,392,84,42449,21750,220384,84
393,81,43021,24750,179786,81,-40891,393,81,43021,24750,220677,81
394,81,43448,24300,181688,81,-39787,394,81,43448,24300,221475,81
395,87,43545,24600,182188,87,-40039,395,87,43545,24600,222227,87
396,86,43872,29050,183738,86,-38896,396,86,43872,29050,222634,86
397,82,43991,20300,185286,82,-37850,397,82,43991,20300,223136,82
398,82,44003,22550,185488,82,-38196,398,82,44003,22550,223684,82
399,84,44123,23550,187538,84,-36898,399,84,44123,23550,224436,84
400,87,44138,25950,189588,87,-35989,400,87,44138,25950,225577,87
401,90,44244,21150,190688,90,-35737,401,90,44244,21150,226425,90
402,83,44377,23050,192238,83,-34548,402,83,44377,23050,226786,83
403,82,44655,21200,193338,82,-33948,403,82,44655,21200,227286,82
404,90,44964,19350,194136,90,-33348,404,90,44964,19350,227484,90
405,87,45173,21450,194186,87,-33589,405,87,45173,21450,227775,87
406,81,45175,22050,195238,81,-33298,406,81,45175,22050,228536,81
407,85,45409,25850,196236,85,-32850,407,85,45409,25850,229086,85
408,87,45694,28200,198188,87,-31587,408,87,45694,28200,229775,87
409,88,45832,24650,199238,88,-30998,409,88,45832,24650,230236,88
410,90,45992,25200,202686,90,-27991,410,90,45992,25200,230677,90
411,80,46022,19300,203186,80,-27739,411,80,46022,19300,230925,80
412,86,46082,20050,202588,86,-28689,412,86,46082,20050,231277,86
413,86,46144,21400,207188,86,-24498,413,86,46144,21400,231686,86
414,81,46145,23400,205988,81,-26448,414,81,46145,23400,232436,81
415,80,46170,20650,207336,80,-25800,415,80,46170,20650,233136,80
416,89,46312,23800,210388,89,-23198,416,89,46312,23800,233586,89
417,84,46397,25350,210386,84,-23700,417,84,46397,25350,234086,84
418,86,46580,21400,212088,86,-22498,418,86,46580,21400,234586,86
419,84,46639,22200,215486,84,-20048,419,84,46639,22200,235534,84
420,83,46657,23050,215738,83,36004,420,83,46657,23050,179734,83
421,85,46681,24050,215238,85,34554,421,85,46681,24050,180684,85
422,88,46772,22400,217088,88,35913,422,88,46772,22400,181175,88
423,86,46990,20500,218136,86,36646,423,86,46990,20500,181490,86
424,89,47017,27850,219686,89,37352,424,89,47017,27850,182334,89
425,80,47085,24250,221888,80,38299,425,80,47085,24250,183589,80
426,82,47116,22550,222436,82,37458,426,82,47116,22550,184978,82
427,80,47557,21100,225336,80,38808,427,80,47557,21100,186528,80
428,90,47598,27000,225836,90,38108,428,90,47598,27000,187728,90
429,87,47698,24150,230536,87,41108,429,87,47698,24150,189428,87
430,81,47735,26100,230586,81,38608,430,81,47735,26100,191978,81
431,87,47791,25050,231588,87,38799,431,87,47791,25050,192789,87
432,81,47853,21600,235738,81,41849,432,81,47853,21600,193889,81
433,86,47911,25450,235786,86,40797,433,86,47911,25450,194989,86
434,80,47932,25150,236238,80,38599,434,80,47932,25150,197639,80
435,83,48165,24400,236336,83,37058,435,83,48165,24400,199278,83
436,82,48339,23000,238388,82,38499,436,82,48339,23000,199889,82
437,86,48501,24550,239736,86,39108,437,86,48501,24550,200628,86
438,84,48814,25350,241938,84,39899,438,84,48814,25350,202039,84
439,87,48866,20550,244436,87,41247,439,87,48866,20550,203189,87
440,86,48920,23200,243636,86,38797,440,86,48920,23200,204839,86
441,82,48940,21650,244388,82,38060,441,82,48940,21650,206328,82
442,80,49149,21550,246038,80,37710,442,80,49149,21550,208328,80
443,81,49299,23400,247738,81,37999,443,81,49299,23400,209739,81
444,87,49454,17400,250836,87,40558,444,87,49454,17400,210278,87
445,89,49467,24700,251288,89,39399,445,89,49467,24700,211889,89
446,85,49572,24950,252388,85,39010,446,85,49572,24950,213378,85
447,85,49959,20000,252536,85,38058,447,85,49959,20000,214478,85
448,80,50003,20650,187987,80,-27641,448,80,50003,20650,215628,80
449,85,50038,20900,188845,85,-27883,449,85,50038,20900,216728,85
450,84,50405,22200,189345,84,-28194,450,84,50405,22200,217539,84
451,89,50744,21550,189938,89,-29190,451,89,50744,21550,219128,89
452,90,50828,26100,190386,90,-29453,452,90,50828,26100,219839,90
453,82,50989,23450,190188,82,-30590,453,82,50989,23450,220778,82
454,87,51083,19650,191283,87,-31906,454,87,51083,19650,223189,87
455,86,51349,22300,192188,86,-32651,455,86,51349,22300,224839,86
456,81,51397,21600,192386,81,-33303,456,81,51397,21600,225689,81
457,88,51736,21950,193188,88,-33601,457,88,51736,21950,226789,88
458,88,51746,26450,193688,88,-34740,458,88,51746,26450,228428,88
459,85,51803,22250,195186,85,-33892,459,85,51803,22250,229078,85
460,87,51845,25950,195686,87,-36403,460,87,51845,25950,232089,87
461,85,51935,22700,195583,85,-37245,461,85,51935,22700,232828,85
462,88,52026,26450,197386,88,-39103,462,88,52026,26450,236489,88
463,83,52080,21250,197288,83,-40340,463,83,52080,21250,237628,83
464,83,52185,26200,198595,83,-41094,464,83,52185,26200,239689,83
465,84,52253,25350,199133,84,-42106,465,84,52253,25350,241239,84
466,80,52319,20650,199038,80,-43040,466,80,52319,20650,242078,80
467,85,52368,23600,199536,85,-43903,467,85,52368,23600,243439,85
468,83,52403,21700,200045,83,-44944,468,83,52403,21700,244989,83
469,84,52510,21300,200545,84,-45533,469,84,52510,21300,246078,84
470,80,52669,21550,201337,80,-45902,470,80,52669,21550,247239,80
471,84,52872,20850,201083,84,-46745,471,84,52872,20850,247828,84
472,80,52896,23350,201688,80,-48190,472,80,52896,23350,249878,80
473,81,53109,19800,202236,81,-47803,473,81,53109,19800,250039,81
474,90,53248,23850,203037,90,-48602,474,90,53248,23850,251639,90
475,84,53256,25800,203537,84,-49741,475,84,53256,25800,253278,84
476,81,53650,19800,203738,81,-50401,476,81,53650,19800,254139,81
477,87,53809,24600,205788,87,-50640,477,87,53809,24600,256428,87
478,86,53843,21850,205595,86,-51483,478,86,53843,21850,257078,86
479,82,53861,21650,206083,82,-51645,479,82,53861,21650,257728,82
480,89,53968,24250,206788,89,-53040,480,89,53968,24250,259828,89
481,87,54212,25050,207936,87,-53603,481,87,54212,25050,261539,87
482,82,54256,22550,207787,82,-55352,482,82,54256,22550,263139,82
483,84,54272,25350,208883,84,-56106,483,84,54272,25350,264989,84
484,84,54328,24900,208787,84,-56941,484,84,54328,24900,265728,84
485,88,54386,26450,209536,88,-57603,485,88,54386,26450,267139,88
486,84,54599,23100,209888,84,-58301,486,84,54599,23100,268189,84
487,83,54669,22600,211695,83,-56983,487,83,54669,22600,268678,83
488,88,54675,22850,211588,88,-58751,488,88,54675,22850,270339,88
489,87,54684,29100,212245,87,-59144,489,87,54684,29100,271389,87
490,83,54782,24400,214095,83,-57844,490,83,54782,24400,271939,83
491,84,54790,21750,212983,84,-61545,491,84,54790,21750,274528,84
492,90,54817,27000,214137,90,-63152,492,90,54817,27000,277289,90
493,84,54880,22650,213983,84,-64945,493,84,54880,22650,278928,84
494,89,54952,22000,214637,89,-65352,494,89,54952,22000,279989,89
495,82,55060,20750,215133,82,-66245,495,82,55060,20750,281378,82
496,84,55126,22200,215795,84,-67733,496,84,55126,22200,283528,84
497,81,55366,19800,216333,81,-67745,497,81,55366,19800,284078,81
498,86,55609,21850,217683,86,-67495,498,86,55609,21850,285178,86
499,84,55695,20400,218095,84,-67583,499,84,55695,20400,285678,84
500,85,55802,23600,218538,85,-68740,500,85,55802,23600,287278,85
501,87,55975,25050,219245,87,-69333,501,87,55975,25050,288578,87
502,81,56339,20250,219945,81,-70333,502,81,56339,20250,290278,81
503,85,56485,24500,220436,85,-72053,503,85,56485,24500,292489,85
504,87,56531,22800,222488,87,-72151,504,87,56531,22800,294639,87
505,86,56594,24550,223083,86,-72656,505,86,56594,24550,295739,86
506,90,56598,23850,223086,90,-74242,506,90,56598,23850,297328,90
507,87,56630,22800,223437,87,-74541,507,87,56630,22800,297978,87
508,80,56675,20200,223686,80,-75203,508,80,56675,20200,298889,80
509,87,56760,26400,224088,87,-77540,509,87,56760,26400,301628,87
510,90,56881,27900,224688,90,-78440,510,90,56881,27900,303128,90
511,87,56934,24150,225533,87,-78606,511,87,56934,24150,304139,87
512,89,56972,23350,226137,89,-79602,512,89,56972,23350,305739,89
513,89,57059,26500,226187,89,-81991,513,89,57059,26500,308178,89
514,87,57109,21000,226533,87,-83456,514,87,57109,21000,309989,87
515,81,57316,19800,227538,81,-82501,515,81,57316,19800,310039,81
516,85,57384,18650,227437,85,-84191,516,85,57384,18650,311628,85
517,83,57511,23500,228537,83,-84591,517,83,57511,23500,313128,83
518,85,57553,24950,229095,85,-86283,518,85,57553,24950,315378,85
519,82,57626,22550,229695,82,-88094,519,82,57626,22550,317789,82
520,83,57675,20350,229737,83,-88041,520,83,57675,20350,317778,83
521,85,57821,25850,230733,85,-88195,521,85,57821,25850,318928,85
522,90,57867,27450,232986,90,-88042,522,90,57867,27450,321028,90
523,81,57934,23400,232987,81,-90091,523,81,57934,23400,323078,81
524,87,57937,24600,233483,87,-90795,524,87,57937,24600,324278,87
525,81,57953,19800,233395,81,-91483,525,81,57953,19800,324878,81
526,81,58150,17550,233587,81,27999,526,81,58150,17550,205588,81
527,86,58311,22750,234945,86,29109,527,86,58311,22750,205836,86
528,85,58325,22250,234486,85,28198,528,85,58325,22250,206288,85
529,82,58340,19850,234938,82,28453,529,82,58340,19850,206485,82
530,87,58607,24600,236736,87,29750,530,87,58607,24600,206986,87
531,89,58608,24700,236883,89,29045,531,89,58608,24700,207838,89
532,89,58635,24250,236645,89,28155,532,89,58635,24250,208490,89
533,85,58768,20000,237433,85,28443,533,85,58768,20000,208990,85
534,87,58948,25950,238038,87,28602,534,87,58948,25950,209436,87
535,89,58971,25150,238445,89,28405,535,89,58971,25150,210040,89
536,80,59084,20650,238786,80,28248,536,80,59084,20650,210538,80
537,88,59089,25100,239283,88,27748,537,88,59089,25100,211535,88
538,87,59288,25500,239833,87,28147,538,87,59288,25500,211686,87
539,86,59309,25450,240145,86,27060,539,86,59309,25450,213085,86
540,81,59419,22050,240687,81,26751,540,81,59419,22050,213936,81
541,82,59450,25250,229181,82,14345,541,82,59450,25250,214836,82
542,90,59516,23400,230381,90,14895,542,90,59516,23400,215486,90
543,81,59544,21150,230322,81,14587,543,81,59544,21150,215735,81
544,88,59928,25100,231726,88,15190,544,88,59928,25100,216536,88
545,86,59992,26350,232381,86,15195,545,86,59992,26350,217186,86
546,80,60045,23800,232681,80,14846,546,80,60045,23800,217835,80
547,89,60201,26500,234047,89,15662,547,89,60201,26500,218385,89
548,83,60261,22150,234181,83,15145,548,83,60261,22150,219036,83
549,82,60345,24800,235147,82,15407,549,82,60345,24800,219740,82
550,80,60368,20650,235031,80,14945,550,80,60368,20650,220086,80
551,82,60576,24350,236197,82,15161,551,82,60576,24350,221036,82
552,82,60606,23900,236031,82,14395,552,82,60606,23900,221636,82
553,87,60761,23250,236826,87,14540,553,87,60761,23250,222286,87
554,87,61100,26850,237781,87,15145,554,87,61100,26850,222636,87
555,89,61332,25150,237897,89,14557,555,89,61332,25150,223340,89
556,85,61449,22700,238331,85,14145,556,85,61449,22700,224186,85
557,85,61489,24500,238997,85,14057,557,85,61489,24500,224940,85
558,83,61536,22600,239497,83,13761,558,83,61536,22600,225736,83
559,82,61604,26600,240231,82,13843,559,82,61604,26600,226388,82
560,86,61650,23650,240526,86,13090,560,86,61650,23650,227436,86
561,83,61819,19450,241076,83,13090,561,83,61819,19450,227986,83
562,83,61827,24850,242226,83,13738,562,83,61827,24850,228488,83
563,88,61916,21950,242981,88,14245,563,88,61916,21950,228736,88
564,90,61931,22500,242726,90,13491,564,90,61931,22500,229235,90
565,87,62108,26400,244597,87,14511,565,87,62108,26400,230086,87
566,90,62144,25200,244376,90,13540,566,90,62144,25200,230836,90
567,85,62453,24500,246147,85,15111,567,85,62453,24500,231036,85
568,89,62539,26500,246722,89,15132,568,89,62539,26500,231590,89
569,80,62609,18850,246481,80,14095,569,80,62609,18850,232386,80
570,87,62610,24600,247422,87,14636,570,87,62610,24600,232786,87
571,89,62673,23350,247922,89,14834,571,89,62673,23350,233088,89
572,84,63051,27600,248422,84,15086,572,84,63051,27600,233336,84
573,85,63247,22700,248897,85,14709,573,85,63247,22700,234188,85
574,84,63365,28500,249431,84,14995,574,84,63365,28500,234436,84
575,83,63446,26200,250476,83,15191,575,83,63446,26200,235285,83
576,88,63522,23750,251676,88,15690,576,88,63522,23750,235986,88
577,83,63522,21250,251272,83,14786,577,83,63522,21250,236486,83
578,88,63616,25550,251647,88,14861,578,88,63616,25550,236786,88
579,82,63622,22100,252947,82,15223,579,82,63622,22100,237724,82
580,81,63712,21600,254326,81,15443,580,81,63712,21600,238883,81
581,82,63810,23000,255047,82,13573,581,82,63810,23000,241474,82
582,80,63813,23800,255022,80,11398,582,80,63813,23800,243624,80
583,90,63929,22500,256597,90,10564,583,90,63929,22500,246033,90
584,86,63944,28600,256626,86,9352,584,86,63944,28600,247274,86
585,89,64087,22450,256631,89,8157,585,89,64087,22450,248474,89
586,85,64170,24950,257822,85,8148,586,85,64170,24950,249674,85
587,87,64240,21900,257976,87,6243,587,87,64240,21900,251733,87
588,88,64336,25550,259331,88,6407,588,88,64336,25550,252924,88
589,85,64365,24050,260226,85,5752,589,85,64365,24050,254474,85
590,81,64403,23400,259681,81,3498,590,81,64403,23400,256183,81
591,89,64447,21550,260072,89,1689,591,89,64447,21550,258383,89
592,85,64766,23600,260826,85,1293,592,85,64766,23600,259533,85
593,81,64979,23400,261326,81,652,593,81,64979,23400,260674,81
594,82,65074,21650,261781,82,148,594,82,65074,21650,261633,82
595,83,65204,20350,262631,83,-52,595,83,65204,20350,262683,83
596,82,65244,23000,263526,82,-757,596,82,65244,23000,264283,82
597,80,65327,25600,264722,80,-1211,597,80,65327,25600,265933,80
598,85,65419,26300,264631,85,-3352,598,85,65419,26300,267983,85
599,81,65582,25650,265831,81,-4302,599,81,65582,25650,270133,81
600,81,65612,23850,265697,81,-6436,600,81,65612,23850,272133,81
601,82,65664,22100,265822,82,-7002,601,82,65664,22100,272824,82
602,82,65840,25700,266331,82,-7502,602,82,65840,25700,273833,82
603,83,65985,21250,267176,83,-8298,603,83,65985,21250,275474,83
604,90,66014,25200,267676,90,-8607,604,90,66014,25200,276283,90
605,82,66132,25700,268381,82,-8452,605,82,66132,25700,276833,82
606,86,66350,25000,269326,86,-9007,606,86,66350,25000,278333,86
607,81,66428,20250,271031,81,-8443,607,81,66428,20250,279474,81
608,82,66452,23000,271122,82,-8961,608,82,66452,23000,280083,82
609,88,66504,25550,270397,88,-12186,609,88,66504,25550,282583,88
610,81,66505,22950,271381,81,-12352,610,81,66505,22950,283733,81
611,90,66568,28350,271722,90,-13711,611,90,66568,28350,285433,90
612,87,66621,25050,272031,87,-14552,612,87,66621,25050,286583,87
613,90,66671,26100,272726,90,-15348,613,90,66671,26100,288074,90
614,86,66699,26350,273647,86,-15527,614,86,66699,26350,289174,86
615,80,66789,17950,273481,80,-16602,615,80,66789,17950,290083,80
616,84,66857,23100,274381,84,-17202,616,84,66857,23100,291583,84
617,87,66932,21450,274131,87,-18643,617,87,66932,21450,292774,87
618,81,67015,26550,276222,81,-19011,618,81,67015,26550,295233,81
619,82,67030,24350,275497,82,-21927,619,82,67030,24350,297424,82
620,81,67069,22950,276381,81,-22743,620,81,67069,22950,299124,81
621,80,67242,22000,277597,80,-22536,621,80,67242,22000,300133,80
622,89,67242,21550,277526,89,-24248,622,89,67242,21550,301774,89
623,88,67666,23300,278647,88,-24677,623,88,67666,23300,303324,88
624,85,67803,25400,279431,85,-25943,624,85,67803,25400,305374,85
625,86,67944,24550,279831,86,-27102,625,86,67944,24550,306933,86
626,88,68114,24650,280797,88,-28377,626,88,68114,24650,309174,88
627,81,68481,22950,281226,81,-29248,627,81,68481,22950,310474,81
628,81,68558,22050,282822,81,-28511,628,81,68558,22050,311333,81
629,86,68562,24100,282831,86,-30202,629,86,68562,24100,313033,86
630,81,68576,19800,283331,81,-30302,630,81,68576,19800,313633,81
631,80,68659,21100,282926,80,-31898,631,80,68659,21100,314824,80
632,83,68874,23050,283922,83,-32552,632,83,68874,23050,316474,83
633,87,68966,25500,284331,87,-33193,633,87,68966,25500,317524,87
634,87,69072,24150,285026,87,-1798,634,87,69072,24150,286824,87
635,89,69229,26050,286026,89,-3815,635,89,69229,26050,289841,89
636,89,69234,27850,286031,89,-4860,636,89,69234,27850,290891,89
637,82,69367,22100,287547,82,-4877,637,82,69367,22100,292424,82
638,89,69426,26950,288672,89,-5902,638,89,69426,26950,294574,89
639,85,69441,24050,287281,85,-8943,639,85,69441,24050,296224,85
640,88,69489,25550,289597,88,-7744,640,88,69489,25550,297341,88
641,88,69502,22850,289681,88,-9260,641,88,69502,22850,298941,88
642,88,69547,26450,290822,88,-9619,642,88,69547,26450,300441,88
643,83,69612,21250,291422,83,-11002,643,83,69612,21250,302424,83
644,85,69640,22250,290697,85,-14394,644,85,69640,22250,305091,85
645,85,69671,20900,291526,85,-14648,645,85,69671,20900,306174,85
646,83,69802,22150,291797,83,-15977,646,83,69802,22150,307774,83
647,87,69832,26400,292526,87,-16115,647,87,69832,26400,308641,87
648,81,70107,18450,292847,81,-17494,648,81,70107,18450,310341,81
649,89,70156,29200,293681,89,-18260,649,89,70156,29200,311941,89
650,86,70175,23200,293997,86,-19044,650,86,70175,23200,313041,86
651,83,70299,25300,295372,83,-19669,651,83,70299,25300,315041,83
652,80,70348,22000,295797,80,-21394,652,80,70348,22000,317191,80
653,84,70383,19500,296397,84,-22677,653,84,70383,19500,319074,84
654,84,70405,22650,297576,84,-21548,654,84,70405,22650,319124,84
655,81,70466,22500,297781,81,-22810,655,81,70466,22500,320591,81
656,88,70503,21500,298781,88,-22893,656,88,70503,21500,321674,88
657,87,70592,26850,298881,87,-24443,657,87,70592,26850,323324,87
658,86,70964,24550,299726,86,-25248,658,86,70964,24550,324974,86
659,89,71028,25150,300331,89,-26210,659,89,71028,25150,326541,89
660,87,71046,23700,300997,87,-27227,660,87,71046,23700,328224,87
661,81,71255,22050,301572,81,-28069,661,81,71255,22050,329641,81
662,86,71342,25450,302276,86,-30565,662,86,71342,25450,332841,86
663,82,71614,17600,303381,82,-30010,663,82,71614,17600,333391,82
664,88,71623,27800,303872,88,-31069,664,88,71623,27800,334941,88
665,83,71627,20800,303426,83,-33215,665,83,71627,20800,336641,83
666,86,71702,25900,303597,86,-34477,666,86,71702,25900,338074,86
667,84,71734,21300,305247,84,-34194,667,84,71734,21300,339441,84
668,80,71751,23800,304647,80,-36994,668,80,71751,23800,341641,80
669,87,71790,21900,305847,87,-37894,669,87,71790,21900,343741,87
670,88,71869,23750,305631,88,-39243,670,88,71869,23750,344874,88
671,86,71935,25000,306726,86,-40215,671,86,71935,25000,346941,86
672,82,72060,23000,307281,82,-40493,672,82,72060,23000,347774,82
673,89,72281,25600,309576,89,-39965,673,89,72281,25600,349541,89
674,90,72308,22500,309626,90,-40998,674,90,72308,22500,350624,90
675,81,72323,22050,309031,81,-44460,675,81,72323,22050,353491,81
676,90,72342,24300,310347,90,-44144,676,90,72342,24300,354491,90
677,83,72366,23500,310822,83,-45152,677,83,72366,23500,355974,83
678,84,72425,22200,310626,84,-46415,678,84,72425,22200,357041,84
679,84,72518,21300,311081,84,-46610,679,84,72518,21300,357691,84
680,82,72564,22100,306191,82,-53383,680,82,72564,22100,359574,82
681,87,72633,20550,306486,87,-54738,681,87,72633,20550,361224,87
682,87,72765,23700,308391,87,-54400,682,87,72765,23700,362791,87
683,89,72766,25150,308396,89,-56128,683,89,72766,25150,364524,89
684,88,72810,21050,308341,88,-57783,684,88,72810,21050,366124,88
685,80,72921,21100,310390,80,-57884,685,80,72921,21100,368274,80
686,89,72943,22450,310591,89,-59950,686,89,72943,22450,370541,89
687,85,72957,24500,310286,85,-61688,687,85,72957,24500,371974,85
688,81,73002,25650,310246,81,-62945,688,81,73002,25650,373191,81
689,81,73127,21150,310896,81,-63328,689,81,73127,21150,374224,81
690,87,73170,23700,311996,87,-63328,690,87,73170,23700,375324,87
691,80,73213,22900,312990,80,-63101,691,80,73213,22900,376091,80
692,89,73215,24250,313486,89,-63638,692,89,73215,24250,377124,89
693,80,73290,22450,314036,80,-63855,693,80,73290,22450,377891,80
694,90,73352,26100,314141,90,-64683,694,90,73352,26100,378824,90
695,81,73846,21150,314736,81,-65288,695,81,73846,21150,380024,81
696,90,73885,23850,315640,90,-65451,696,90,73885,23850,381091,90
697,90,73886,22950,316946,90,-65395,697,90,73886,22950,382341,90
698,86,73892,21850,317041,86,-67233,698,86,73892,21850,384274,86
699,81,74026,23400,318041,81,-67833,699,81,74026,23400,385874,81
700,88,74074,25550,318096,88,-69328,700,88,74074,25550,387424,88
701,80,74142,24700,318290,80,-70284,701,80,74142,24700,388574,80
702,83,74334,22600,319340,83,-70151,702,83,74334,22600,389491,83
703,85,74392,22700,319291,85,-72400,703,85,74392,22700,391691,85
704,87,74654,24150,319941,87,-72833,704,87,74654,24150,392774,87
705,88,74657,28250,320391,88,-74200,705,88,74657,28250,394591,88
706,90,74762,22950,320941,90,-74833,706,90,74762,22950,395774,90
707,87,75018,21000,321091,87,-75700,707,87,75018,21000,396791,87
708,89,75145,18850,322641,89,-75300,708,89,75145,18850,397941,89
709,87,75159,23700,322286,87,-77188,709,87,75159,23700,399474,87
710,88,75221,26000,323941,88,-77250,710,88,75221,26000,401191,88
711,85,75296,23600,324446,85,-78245,711,85,75296,23600,402691,85
712,86,75303,25900,323896,86,-80028,712,86,75303,25900,403924,86
713,86,75372,22750,324890,86,-79984,713,86,75372,22750,404874,86
714,80,75584,26050,326046,80,-80478,714,80,75584,26050,406524,80
715,89,75595,26050,326440,89,-82634,715,89,75595,26050,409074,89
716,85,75694,20900,327091,85,-83550,716,85,75694,20900,410641,85
717,85,75713,26300,327536,85,-84605,717,85,75713,26300,412141,85
718,82,75895,23000,328641,82,-84783,718,82,75895,23000,413424,82
719,85,75898,19100,328536,85,-85955,719,85,75898,19100,414491,85
720,87,76132,26850,331336,87,-85955,720,87,76132,26850,417291,87
721,86,76138,20950,330890,86,-88551,721,86,76138,20950,419441,86
722,88,76151,23300,330891,88,-89783,722,88,76151,23300,420674,88
723,85,76220,20900,331091,85,-91500,723,85,76220,20900,422591,85
724,89,76385,20200,331646,89,-92095,724,89,76385,20200,423741,89
725,80,76461,20200,332241,80,-92583,725,80,76461,20200,424824,80
726,83,76521,22600,333541,83,-91900,726,83,76521,22600,425441,83
727,82,76566,19400,334236,82,-93355,727,82,76566,19400,427591,82
728,86,76615,22750,334246,86,-94028,728,86,76615,22750,428274,86
729,87,76638,23250,334591,87,-95233,729,87,76638,23250,429824,87
730,88,77161,24650,335246,88,-96345,730,88,77161,24650,431591,88
731,83,77395,23050,335341,83,-97183,731,83,77395,23050,432524,83
732,83,77412,23500,335746,83,-97828,732,83,77412,23500,433574,83
733,82,77515,25700,337441,82,-97733,733,82,77515,25700,435174,82
734,85,77558,20900,337641,85,-99183,734,85,77558,20900,436824,85
735,89,77704,26050,338241,89,-100183,735,89,77704,26050,438424,89
736,80,77818,22000,339341,80,-100150,736,80,77818,22000,439491,80
737,84,77887,22200,339186,84,-101888,737,84,77887,22200,441074,84
738,83,78040,23050,339736,83,-102655,738,83,78040,23050,442391,83
739,89,78043,21550,340091,89,-103400,739,89,78043,21550,443491,89
740,88,78267,21950,340336,88,-104238,740,88,78267,21950,444574,88
741,89,78296,28300,341336,89,-105005,741,89,78296,28300,446341,89
742,83,78463,26200,343390,83,-103834,742,83,78463,26200,447224,83
743,90,78483,27450,343841,90,-104483,743,90,78483,27450,448324,90
744,81,78488,22050,343290,81,-105601,744,81,78488,22050,448891,81
745,82,78491,20300,343646,82,-106928,745,82,78491,20300,450574,82
746,82,78611,18950,344841,82,-107200,746,82,78611,18950,452041,82
747,89,78687,24250,344696,89,-110345,747,89,78687,24250,455041,89
748,82,78752,21650,345846,82,-110245,748,82,78752,21650,456091,82
749,90,78794,28350,346690,90,-111284,749,90,78794,28350,457974,90
750,85,78913,24950,346841,85,-113183,750,85,78913,24950,460024,85
751,81,79271,19800,347240,81,-113484,751,81,79271,19800,460724,81
752,86,79750,25450,348291,86,-114150,752,86,79750,25450,462441,86
753,84,79808,22650,350341,84,-112733,753,84,79808,22650,463074,84
754,82,79856,22550,350136,82,-114488,754,82,79856,22550,464624,82
755,81,79892,24750,350140,81,-115484,755,81,79892,24750,465624,81
756,86,79898,29500,350096,86,-117578,756,86,79898,29500,467674,86
757,83,80100,23500,351140,83,-117751,757,83,80100,23500,468891,83
758,84,80103,25350,352041,84,-119333,758,84,80103,25350,471374,84
759,83,80191,26650,352436,83,-120155,759,83,80191,26650,472591,83
760,90,80393,26550,354291,90,-119833,760,90,80393,26550,474124,90
761,85,80402,20900,353746,85,-122028,761,85,80402,20900,475774,85
762,81,80450,24300,354536,81,-123238,762,81,80450,24300,477774,81
763,80,81094,23800,354991,80,-124333,763,80,81094,23800,479324,80
764,86,81260,23200,356886,86,-125138,764,86,81260,23200,482024,86
765,83,81281,23050,356891,83,-127133,765,83,81281,23050,484024,83
766,85,81358,21350,356746,85,-128795,766,85,81358,21350,485541,85
767,89,81437,26050,357246,89,-129295,767,89,81437,26050,486541,89
768,85,81552,24500,357886,85,-129738,768,85,81552,24500,487624,85
769,85,81575,23150,358191,85,-130700,769,85,81575,23150,488891,85
770,82,81774,20750,343330,82,-148094,770,82,81774,20750,491424,82
771,83,81817,21700,343778,83,-148963,771,83,81817,21700,492741,83
772,85,81870,22250,344178,85,-149163,772,85,81870,22250,493341,85
773,90,82023,24750,345428,90,-148613,773,90,82023,24750,494041,90
774,80,82103,25600,345528,80,-151563,774,80,82103,25600,497091,80
775,81,82150,18900,345828,81,-152913,775,81,82150,18900,498741,81
776,81,82227,24750,346828,81,-153963,776,81,82227,24750,500791,81
777,87,82329,24150,347830,87,-155511,777,87,82329,24150,503341,87
778,84,82486,24900,347878,84,-157663,778,84,82486,24900,505541,84
779,81,82768,19800,305685,81,-202289,779,81,82768,19800,507974,81
780,85,82808,25400,306136,85,-203338,780,85,82808,25400,509474,85
781,81,82896,22500,306339,81,-204735,781,81,82896,22500,511074,81
782,89,82925,23350,306836,89,-205605,782,89,82925,23350,512441,89
783,85,83108,22250,307539,85,-206385,783,85,83108,22250,513924,85
784,81,83207,19350,308039,81,-207202,784,81,83207,19350,515241,81
785,87,83285,26400,308585,87,-208406,785,87,83285,26400,516991,87
786,81,83351,20250,308539,81,-209052,786,81,83351,20250,517591,81
787,84,83450,24000,309391,84,-209633,787,84,83450,24000,519024,84
788,85,83565,21350,309739,85,-211352,788,85,83565,21350,521091,85
789,80,83568,22000,310889,80,-211552,789,80,83568,22000,522441,80
790,82,83584,23000,311486,82,-211555,790,82,83584,23000,523041,82
791,87,83658,24150,311285,87,-213356,791,87,83658,24150,524641,87
792,86,83694,26350,313841,86,-212233,792,86,83694,26350,526074,86
793,87,83758,23700,313885,87,-212356,793,87,83758,23700,526241,87
794,87,83785,25950,314186,87,-213105,794,87,83785,25950,527291,87
795,86,83785,24100,314239,86,-214285,795,86,83785,24100,528524,86
796,85,83785,19550,314339,85,-215952,796,85,83785,19550,530291,85
797,90,83900,22050,315236,90,-217155,797,90,83900,22050,532391,90
798,85,83902,23600,315441,85,-218233,798,85,83902,23600,533674,85
799,81,84064,22500,315941,81,-219250,799,81,84064,22500,535191,81
800,81,84225,18450,316689,81,-219385,800,81,84225,18450,536074,81
801,81,84297,16200,317189,81,-219652,801,81,84297,16200,536841,81
802,89,84403,25150,318085,89,-220306,802,89,84403,25150,538391,89
803,82,84403,26150,317741,82,-222533,803,82,84403,26150,540274,82
804,87,84631,23250,319291,87,-222133,804,87,84631,23250,541424,87
805,87,84683,23250,319289,87,-222785,805,87,84683,23250,542074,87
806,85,84932,24050,319839,85,-223502,806,85,84932,24050,543341,85
807,84,85088,23550,320285,84,-223539,807,84,85088,23550,543824,84
808,89,85259,23800,320889,89,-224935,808,89,85259,23800,545824,89
809,87,85377,22800,321991,87,-225933,809,87,85377,22800,547924,87
810,85,85427,22250,322689,85,-225202,810,85,85427,22250,547891,85
811,86,85510,28150,322939,86,-226085,811,86,85510,28150,549024,86
812,86,85616,25450,323235,86,-227306,812,86,85616,25450,550541,86
813,84,85632,24000,324039,84,-229185,813,84,85632,24000,553224,84
814,89,85657,25150,324439,89,-232135,814,89,85657,25150,556574,89
815,83,85888,21700,324991,83,-232733,815,83,85888,21700,557724,83
816,89,86163,26500,325491,89,-234283,816,89,86163,26500,559774,89
817,82,86294,19400,325885,82,-234639,817,82,86294,19400,560524,82
818,80,86563,19300,327136,80,-233005,818,80,86563,19300,560141,80
819,90,86617,27000,327485,90,-41100,819,90,86617,27000,368585,90
820,87,86788,23700,328186,87,-41597,820,87,86788,23700,369783,87
821,87,86874,22800,328989,87,-41196,821,87,86874,22800,370185,87
822,88,87019,22400,329639,88,-32645,822,88,87019,22400,362284,88
823,84,87131,21300,330689,84,-31800,823,84,87131,21300,362489,84
824,88,87188,28250,331139,88,-32404,824,88,87188,28250,363543,88
825,82,87291,30200,332189,82,-32400,825,82,87291,30200,364589,82
826,80,87325,22000,332189,80,-32946,826,80,87325,22000,365135,80
827,88,87478,22850,332791,88,-32643,827,88,87478,22850,365434,88
828,86,87585,21850,333385,86,-32458,828,86,87585,21850,365843,86
829,82,87827,23900,334385,82,-32099,829,82,87827,23900,366484,82
830,81,87844,25650,334689,81,-32295,830,81,87844,25650,366984,81
831,90,88404,25200,335185,90,-32754,831,90,88404,25200,367939,90
832,85,88805,25400,335939,85,-32704,832,85,88805,25400,368643,85
833,84,88850,20400,338891,84,-30544,833,84,88850,20400,369435,84
834,89,88861,26950,337039,89,-33100,834,89,88861,26950,370139,89
835,85,88886,24500,337285,85,-33404,835,85,88886,24500,370689,85
836,89,88905,22900,339939,89,-31548,836,89,88905,22900,371487,89
837,84,88933,22200,340041,84,-32143,837,84,88933,22200,372184,84
838,85,88953,24050,339385,85,-33202,838,85,88953,24050,372587,85
839,82,88953,25700,340539,82,-32548,839,82,88953,25700,373087,82
840,87,88961,21000,340541,87,-33652,840,87,88961,21000,374193,87
841,84,89243,23100,341286,84,-33098,841,84,89243,23100,374384,84
842,85,89300,26300,341641,85,-33743,842,85,89300,26300,375384,85
843,89,89381,24700,342685,89,-33104,843,89,89381,24700,375789,89
844,83,89465,23950,343589,83,-32898,844,83,89465,23950,376487,83
845,81,89582,22500,344086,81,-33048,845,81,89582,22500,377134,81
846,89,89670,30100,345341,89,-32598,846,89,89670,30100,377939,89
847,87,89760,24600,345935,87,-32504,847,87,89760,24600,378439,87
848,80,89764,25150,345139,80,-33554,848,80,89764,25150,378693,80
849,84,89778,24450,346435,84,-33200,849,84,89778,24450,379635,84
850,82,89845,22100,347341,82,-32844,850,82,89845,22100,380185,82
851,88,89904,26000,347985,88,-32604,851,88,89904,26000,380589,88
852,85,89970,27200,347989,85,-33150,852,85,89970,27200,381139,85
853,80,90206,22000,350089,80,-31398,853,80,90206,22000,381487,80
854,81,90266,22500,350739,81,-31145,854,81,90266,22500,381884,81
855,89,90279,26500,350086,89,-32551,855,89,90279,26500,382637,89
856,90,90356,26100,350835,90,-33154,856,90,90356,26100,383989,90
857,80,90628,20650,351239,80,-33146,857,80,90628,20650,384385,80
858,89,90954,22900,353736,89,-31048,858,89,90954,22900,384784,89
859,85,90990,24500,353291,85,-32144,859,85,90990,24500,385435,85
860,85,90995,21800,353135,85,-32900,860,85,90995,21800,386035,85
861,87,91021,24600,354889,87,-31704,861,87,91021,24600,386593,87
862,81,91103,25650,354936,81,-32157,862,81,91103,25650,387093,81
863,80,91108,22900,354989,80,-32596,863,80,91108,22900,387585,80
864,83,91272,26200,355685,83,-32508,864,83,91272,26200,388193,83
865,80,91732,24250,356941,80,-32098,865,80,91732,24250,389039,80
866,83,91823,20350,356685,83,-33050,866,83,91823,20350,389735,83
867,86,91980,23200,357441,86,46351,867,86,91980,23200,311090,86
868,85,92043,23600,358041,85,46602,868,85,92043,23600,311439,85
869,89,92160,25600,359389,89,46300,869,89,92160,25600,313089,89
870,88,92197,23750,359686,88,44696,870,88,92197,23750,314990,88
871,80,92277,24700,359889,80,43299,871,80,92277,24700,316590,80
872,84,92327,20400,360389,84,43299,872,84,92327,20400,317090,84
873,88,92561,23750,361391,88,42752,873,88,92561,23750,318639,88
874,86,92573,23650,361389,86,41999,874,86,92573,23650,319390,86
875,86,92690,23650,361885,86,40345,875,86,92690,23650,321540,86
876,90,92733,23400,351989,90,28300,876,90,92733,23400,323689,90
877,89,93336,25150,353277,89,28537,877,89,93336,25150,324740,89
878,85,93351,21800,352679,85,27339,878,85,93351,21800,325340,85
879,81,93399,25200,353180,81,25240,879,81,93399,25200,327940,81
880,86,93607,23200,354230,86,25241,880,86,93607,23200,328989,86
881,90,93655,31500,354974,90,24385,881,90,93655,31500,330589,90
882,89,94091,26500,355430,89,21590,882,89,94091,26500,333840,89
883,85,94131,24500,357077,85,22137,883,85,94131,24500,334940,85
884,83,94144,19000,356780,83,21790,884,83,94144,19000,334990,83
885,80,94222,22000,357129,80,21089,885,80,94222,22000,336040,80
886,86,94302,22300,358089,86,20949,886,86,94302,22300,337140,86
887,81,94370,23400,357679,81,20240,887,81,94370,23400,337439,81
888,89,94436,22450,359679,89,21090,888,89,94436,22450,338589,89
889,80,94454,22000,359727,80,20437,889,80,94454,22000,339290,80
890,82,94507,23450,360024,82,19185,890,82,94507,23450,340839,82
891,82,94612,24800,360739,82,17800,891,82,94612,24800,342939,82
892,84,94850,21300,361229,84,17089,892,84,94850,21300,344140,84
893,83,94885,22600,362977,83,17287,893,83,94885,22600,345690,83
894,84,94896,22650,362530,84,15591,894,84,94896,22650,346939,84
895,84,94906,22200,362829,84,14390,895,84,94906,22200,348439,84
896,85,95066,22700,363329,85,13189,896,85,95066,22700,350140,85
897,88,95328,28700,364324,88,12185,897,88,95328,28700,352139,88
898,86,95396,27700,365279,86,11389,898,86,95396,27700,353890,86
899,89,95426,25150,364989,89,8700,899,89,95426,25150,356289,89
900,88,95437,20150,365077,88,7187,900,88,95437,20150,357890,88
901,89,95699,24700,365929,89,6889,901,89,95699,24700,359040,89
902,83,95702,24400,366479,83,5790,902,83,95702,24400,360689,83
903,81,95816,19350,367839,81,6000,903,81,95816,19350,361839,81
904,81,95827,25200,367124,81,3984,904,81,95827,25200,363140,81
905,83,95866,23950,367624,83,2785,905,83,95866,23950,364839,83
906,82,95940,20750,369624,82,3184,906,82,95940,20750,366440,82
907,90,95990,25200,368539,90,499,907,90,95990,25200,368040,90
908,86,95992,25450,369627,86,-563,908,86,95992,25450,370190,86
909,82,96015,23450,369930,82,-2560,909,82,96015,23450,372490,82
910,89,96095,22450,370089,89,-3450,910,89,96095,22450,373539,89
911,82,96167,23450,371030,82,-5110,911,82,96167,23450,376140,82
912,85,96179,20900,371177,85,-6412,912,85,96179,20900,377589,85
913,80,96315,22450,371927,80,-8113,913,80,96315,22450,380040,80
914,87,96378,23250,372030,87,-9060,914,87,96378,23250,381090,87
915,87,96591,20100,372525,87,-8914,915,87,96591,20100,381439,87
916,81,96712,22950,375975,81,-6514,916,81,96712,22950,382489,81
917,82,96749,20750,376475,82,-8065,917,82,96749,20750,384540,82
918,89,96807,24700,376343,89,-9496,918,89,96807,24700,385839,89
919,88,97008,21050,379775,88,-7465,919,88,97008,21050,387240,88
920,80,97022,21100,379793,80,-8946,920,80,97022,21100,388739,80
921,84,97196,22200,385275,84,-4564,921,84,97196,22200,389839,84
922,90,97227,24750,382843,90,-9746,922,90,97227,24750,392589,90
923,80,97247,24700,384943,80,-8696,923,80,97247,24700,393639,80
924,85,97452,27200,386993,85,-8196,924,85,97452,27200,395189,85
925,89,97548,27400,392943,89,-3797,925,89,97548,27400,396740,89
926,80,97568,22000,393043,80,-5297,926,80,97568,22000,398340,80
927,87,97595,25500,395143,87,-4697,927,87,97595,25500,399840,87
928,86,97607,23650,395475,86,-5864,928,86,97607,23650,401339,86
929,83,97643,23050,393325,83,-9215,929,83,97643,23050,402540,83
930,84,97691,25350,394643,84,-11346,930,84,97691,25350,405989,84
931,88,97989,24200,396525,88,-10464,931,88,97989,24200,406989,88
932,88,98240,23750,398725,88,-10364,932,88,98240,23750,409089,88
933,90,98681,25650,400193,90,-11347,933,90,98681,25650,411540,90
934,80,98831,21550,401743,80,-10996,934,80,98831,21550,412739,80
935,88,98875,26000,404943,88,-9397,935,88,98875,26000,414340,88
936,83,98914,19900,404775,83,-11114,936,83,98914,19900,415889,83
937,81,98985,24750,407625,81,-10115,937,81,98985,24750,417740,81
938,85,99000,21350,408043,85,-11197,938,85,99000,21350,419240,85
939,90,99143,24750,408743,90,-11346,939,90,99143,24750,420089,90
940,90,99247,24750,409793,90,-11797,940,90,99247,24750,421590,90
941,87,99885,22800,413525,87,-9314,941,87,99885,22800,422839,87
942,80,99918,19750,415493,80,-8097,942,80,99918,19750,423590,80
943,84,100004,24450,414525,84,-10565,943,84,100004,24450,425090,84
944,83,100016,24850,420325,83,-6765,944,83,100016,24850,427090,83
945,85,100048,23600,420093,85,-9047,945,85,100048,23600,429140,85
946,89,100060,25150,420143,89,-9547,946,89,100060,25150,429690,89
947,89,100078,22900,420793,89,-11497,947,89,100078,22900,432290,89
948,87,100408,26400,421925,87,-12064,948,87,100408,26400,433989,87
949,90,100421,22050,424525,90,-11665,949,90,100421,22050,436190,90
950,89,100524,22000,425625,89,-11565,950,89,100524,22000,437190,89
951,80,100525,24250,427093,80,-12596,951,80,100525,24250,439689,80
952,87,100547,25050,428743,87,-12597,952,87,100547,25050,441340,87
953,85,100887,20900,430893,85,-11597,953,85,100887,20900,442490,85
954,88,101016,26000,434425,88,-11664,954,88,101016,26000,446089,88
955,85,101078,24950,434925,85,-11814,955,85,101078,24950,446739,85
956,84,101197,23100,436743,84,-12146,956,84,101197,23100,448889,84
957,87,101318,22800,439225,87,-11265,957,87,101318,22800,450490,87
958,89,101365,25600,439343,89,-12596,958,89,101365,25600,451939,89
959,81,101614,22950,442593,81,-10446,959,81,101614,22950,453039,81
960,80,101623,22450,441525,80,-12664,960,80,101623,22450,454189,80
961,81,101640,20700,443125,81,-12214,961,81,101640,20700,455339,81
962,89,101886,26950,445193,89,-12747,962,89,101886,26950,457940,89
963,85,102020,23600,448025,85,-11014,963,85,102020,23600,459039,85
964,88,102022,21500,448525,88,-11664,964,88,102022,21500,460189,88
965,81,102048,20700,448293,81,-13497,965,81,102048,20700,461790,81
966,85,102159,22250,449893,85,-13896,966,85,102159,22250,463789,85
967,81,102335,22500,453175,81,-11214,967,81,102335,22500,464389,81
968,88,102402,25100,451643,88,-14896,968,88,102402,25100,466539,88
969,89,102428,24250,452675,89,-15914,969,89,102428,24250,468589,89
970,82,102460,23450,456893,82,-13246,970,82,102460,23450,470139,82
971,86,102480,22750,455193,86,-16197,971,86,102480,22750,471390,86
972,80,102531,21550,457125,80,-15815,972,80,102531,21550,472940,80
973,85,102693,24050,459375,85,-15665,973,85,102693,24050,475040,85
974,82,103392,21200,460625,82,-17064,974,82,103392,21200,477689,82
975,86,103518,23650,461143,86,-18147,975,86,103518,23650,479290,86
976,89,103787,24700,466975,89,-14315,976,89,103787,24700,481290,89
977,89,103802,26950,465375,89,-17515,977,89,103802,26950,482890,89
978,87,103841,27750,469043,87,-15447,978,87,103841,27750,484490,87
979,80,103935,22450,469693,80,-15846,979,80,103935,22450,485539,80
980,82,104010,23900,469725,82,-16964,980,82,104010,23900,486689,82
981,85,104051,19100,471325,85,-15864,981,85,104051,19100,487189,85
982,82,104184,20750,472475,82,-16414,982,82,104184,20750,488889,82
983,83,104460,25300,474475,83,-15664,983,83,104460,25300,490139,83
984,88,104779,23750,476625,88,-15564,984,88,104779,23750,492189,88
985,82,104809,20750,477175,82,-15664,985,82,104809,20750,492839,82
986,85,104909,21800,479293,85,-14997,986,85,104909,21800,494290,85
987,87,105140,24150,480793,87,-14547,987,87,105140,24150,495340,87
988,81,105174,24750,482143,81,-14247,988,81,105174,24750,496390,81
989,87,105207,24150,481825,87,-15115,989,87,105207,24150,496940,87
990,82,105369,22550,483025,82,-14915,990,82,105369,22550,497940,82
991,84,105650,18600,482893,84,-15597,991,84,105650,18600,498490,84
992,90,105793,27000,484893,90,-15097,992,90,105793,27000,499990,90
993,80,105886,24250,486225,80,-14864,993,80,105886,24250,501089,80
994,90,105903,26100,487825,90,-14364,994,90,105903,26100,502189,90
995,90,106435,24750,488643,90,-14647,995,90,106435,24750,503290,90
996,90,106537,26550,491125,90,-14215,996,90,106537,26550,505340,90
997,85,106549,24500,492125,85,-15865,997,85,106549,24500,507990,85
998,87,106559,22800,494743,87,-13946,998,87,106559,22800,508689,87
999,90,106620,22950,497443,90,-12446,999,90,106620,22950,509889,90
1000,81,106686,21150,500525,81,-9915,1000,81,106686,21150,510440,81
1001,80,106693,22450,496975,80,-15514,1001,80,106693,22450,512489,80
1002,87,106748,23700,501025,87,-13014,1002,87,106748,23700,514039,87
1003,89,106755,23800,501525,89,-14415,1003,89,106755,23800,515940,89
1004,86,106940,25000,503175,86,-14214,1004,86,106940,25000,517389,86
1005,82,107061,21200,505425,82,-12715,1005,82,107061,21200,518140,82
1006,90,107073,25200,505643,90,-13646,1006,90,107073,25200,519289,90
1007,82,107356,22100,511525,82,-8914,1007,82,107356,22100,520439,82
1008,80,107381,22000,511093,80,-10697,1008,80,107381,22000,521790,80
1009,85,107412,24050,508975,85,-13365,1009,85,107412,24050,522340,85
1010,85,107441,22700,512093,85,20912,1010,85,107441,22700,491181,85
1011,89,107630,26050,516643,89,23664,1011,89,107630,26050,492979,89
1012,81,107678,24750,516275,81,21646,1012,81,107678,24750,494629,81
1013,86,108010,26800,518193,86,22914,1013,86,108010,26800,495279,86
1014,83,108163,26200,524143,83,27264,1014,83,108163,26200,496879,83
1015,86,108196,24100,524725,86,26644,1015,86,108196,24100,498081,86
1016,87,108220,25950,526093,87,25912,1016,87,108220,25950,500181,87
1017,85,108250,24950,523725,85,22096,1017,85,108250,24950,501629,85
1018,80,108290,20200,527775,80,24596,1018,80,108290,20200,503179,80
1019,81,108318,22950,527793,81,23862,1019,81,108318,22950,503931,81
1020,90,108346,25650,528275,90,22846,1020,90,108346,25650,505429,90
1021,84,108451,21750,529393,84,23414,1021,84,108451,21750,505979,84
1022,87,108467,23250,531075,87,23496,1022,87,108467,23250,507579,87
1023,83,108617,23500,532043,83,22414,1023,83,108617,23500,509629,83
1024,84,108732,25350,533525,84,21894,1024,84,108732,25350,511631,84
1025,90,108912,23850,534625,90,21944,1025,90,108912,23850,512681,90
1026,84,109074,19500,536425,84,22646,1026,84,109074,19500,513779,84
1027,86,109346,25000,538575,86,23746,1027,86,109346,25000,514829,86
1028,84,109387,16800,539093,84,23714,1028,84,109387,16800,515379,84
1029,86,109668,19150,540275,86,24094,1029,86,109668,19150,516181,86
1030,83,109840,23500,542475,83,24746,1030,83,109840,23500,517729,83
1031,88,109936,26450,545025,88,25644,1031,88,109936,26450,519381,88
1032,85,110066,19100,545493,85,24564,1032,85,110066,19100,520929,85
1033,83,110359,23050,548593,83,26062,1033,83,110359,23050,522531,83
1034,80,110433,22450,550943,80,26914,1034,80,110433,22450,524029,80
1035,82,110503,25250,550975,82,24446,1035,82,110503,25250,526529,82
1036,85,110524,21800,551475,85,23446,1036,85,110524,21800,528029,85
1037,80,110632,22900,552125,80,21946,1037,80,110632,22900,530179,80
1038,81,110770,19800,552793,81,21112,1038,81,110770,19800,531681,81
1039,90,110929,22950,558075,90,25894,1039,90,110929,22950,532181,90
1040,90,110989,25200,559675,90,25496,1040,90,110989,25200,534179,90
1041,82,110994,21650,559943,82,24662,1041,82,110994,21650,535281,82
1042,81,111030,23850,559725,81,22394,1042,81,111030,23850,537331,81
1043,89,111232,23800,561375,89,21844,1043,89,111232,23800,539531,89
1044,89,111365,23800,563075,89,22246,1044,89,111365,23800,540829,89
1045,85,111511,20900,565693,85,22864,1045,85,111511,20900,542829,85
1046,84,111670,23100,567975,84,24444,1046,84,111670,23100,543531,84
1047,81,111761,22500,568475,81,23496,1047,81,111761,22500,544979,81
1048,86,111916,23650,571193,86,26114,1048,86,111916,23650,545079,86
1049,89,111968,23350,570775,89,24594,1049,89,111968,23350,546181,89
1050,80,112324,22450,572425,80,24544,1050,80,112324,22450,547881,80
1051,86,112465,20500,573975,86,24944,1051,86,112465,20500,549031,86
1052,89,112596,23350,577643,89,26412,1052,89,112596,23350,551231,89
1053,84,112680,26700,578143,84,24762,1053,84,112680,26700,553381,84
1054,85,112690,22700,577625,85,23244,1054,85,112690,22700,554381,85
1055,88,113052,24200,580925,88,25394,1055,88,113052,24200,555531,88
1056,89,113126,26050,580443,89,22812,1056,89,113126,26050,557631,89
1057,82,113181,18950,581475,82,22696,1057,82,113181,18950,558779,82
1058,81,113486,25650,584025,81,23594,1058,81,113486,25650,560431,81
1059,82,113594,24350,584525,82,22396,1059,82,113594,24350,562129,82
1060,90,113632,23850,587493,90,22864,1060,90,113632,23850,564629,90
1061,87,113740,25050,589225,87,23044,1061,87,113740,25050,566181,87
1062,88,113927,19250,592043,88,24212,1062,88,113927,19250,567831,88
1063,87,113964,19200,591975,87,23096,1063,87,113964,19200,568879,87
1064,88,114158,18800,594125,88,24244,1064,88,114158,18800,569881,88
1065,85,114330,24050,594725,85,23646,1065,85,114330,24050,571079,85
1066,89,114498,25150,597543,89,25362,1066,89,114498,25150,572181,89
1067,85,114503,24950,596775,85,22896,1067,85,114503,24950,573879,85
1068,85,114563,24500,597593,85,21664,1068,85,114563,24500,575929,85
1069,86,114966,23200,601843,86,24462,1069,86,114966,23200,577381,86
1070,86,115015,26800,602225,86,22644,1070,86,115015,26800,579581,86
1071,84,115170,20850,603825,84,22644,1071,84,115170,20850,581181,84
1072,90,115364,26550,605593,90,23362,1072,90,115364,26550,582231,90
1073,87,115398,26850,606725,87,23146,1073,87,115398,26850,583579,87
1074,87,115486,22350,608593,87,23062,1074,87,115486,22350,585531,87
1075,80,115573,22900,610293,80,23162,1075,80,115573,22900,587131,80
1076,83,115573,23950,613743,83,24562,1076,83,115573,23950,589181,83
1077,81,115659,22500,615343,81,24114,1077,81,115659,22500,591229,81
1078,80,115674,23350,615393,80,22062,1078,80,115674,23350,593331,80
1079,90,115861,22500,617125,90,23694,1079,90,115861,22500,593431,90
1080,83,116009,20350,619293,83,25314,1080,83,116009,20350,593979,83
1081,82,116259,21200,620993,82,26314,1081,82,116259,21200,594679,82
1082,84,116402,24450,624293,84,27962,1082,84,116402,24450,596331,84
1083,89,116432,23800,624475,89,25946,1083,89,116432,23800,598529,89
1084,88,116520,26900,626443,88,26414,1084,88,116520,26900,600029,88
1085,89,116592,22450,626425,89,23794,1085,89,116592,22450,602631,89
1086,90,116939,25650,630175,90,25994,1086,90,116939,25650,604181,90
1087,85,116998,27200,631725,85,25846,1087,85,116998,27200,605879,85
1088,88,117062,25100,631343,88,23264,1088,88,117062,25100,608079,88
1089,80,117234,22000,632325,80,23096,1089,80,117234,22000,609229,80
1090,87,117317,21000,634525,87,23494,1090,87,117317,21000,611031,87
1091,90,117318,25650,638793,90,26712,1091,90,117318,25650,612081,90
1092,87,117328,28200,637743,87,24162,1092,87,117328,28200,613581,87
1093,84,117348,21300,639293,84,24514,1093,84,117348,21300,614779,84
1094,84,117543,24450,640943,84,25212,1094,84,117543,24450,615731,84
1095,86,117597,22750,642193,86,25314,1095,86,117597,22750,616879,86
1096,90,117619,25650,642325,90,23746,1096,90,117619,25650,618579,90
1097,90,117753,24750,643793,90,23664,1097,90,117753,24750,620129,90
1098,86,117842,22750,645025,86,23494,1098,86,117842,22750,621531,86
1099,89,117964,25600,646625,89,23394,1099,89,117964,25600,623231,89
1100,89,118053,23800,648143,89,23212,1100,89,118053,23800,624931,89
1101,82,118193,23900,650193,82,24264,1101,82,118193,23900,625929,82
1102,80,118323,22000,652375,80,25446,1102,80,118323,22000,626929,80
1103,81,118327,25650,652743,81,24214,1103,81,118327,25650,628529,81
1104,80,118490,19750,653993,80,24612,1104,80,118490,19750,629381,80
1105,87,118659,23700,655543,87,24062,1105,87,118659,23700,631481,87
1106,85,118717,19100,657525,85,24944,1106,85,118717,19100,632581,85
1107,82,118736,22550,657593,82,23462,1107,82,118736,22550,634131,82
1108,82,118877,21200,659143,82,24512,1108,82,118877,21200,634631,82
1109,80,119266,20200,660143,80,24914,1109,80,119266,20200,635229,80
1110,90,120068,27450,660775,90,24346,1110,90,120068,27450,636429,90
1111,89,120183,24250,663293,89,26512,1111,89,120183,24250,636781,89
1112,85,120274,24050,665025,85,27144,1112,85,120274,24050,637881,85
1113,82,120444,26150,667025,82,26896,1113,82,120444,26150,640129,82
1114,90,120552,22500,669825,90,27596,1114,90,120552,22500,642229,90
1115,87,120604,21900,669793,87,25912,1115,87,120604,21900,643881,87
1116,90,120820,22050,672425,90,26944,1116,90,120820,22050,645481,90
1117,85,121119,26300,676443,85,28862,1117,85,121119,26300,647581,85
1118,90,121125,28800,676825,90,27746,1118,90,121125,28800,649079,90
1119,86,121239,22300,677593,86,26864,1119,86,121239,22300,650729,86
1120,90,121448,28350,683825,90,30944,1120,90,121448,28350,652881,90
1121,86,121479,25450,684875,86,31444,1121,86,121479,25450,653431,86
1122,83,121485,24400,683325,83,28346,1122,83,121485,24400,654979,83
1123,88,121560,23300,686325,88,29146,1123,88,121560,23300,657179,88
1124,81,121613,23850,687993,81,29114,1124,81,121613,23850,658879,81
1125,90,121674,22950,688043,90,27762,1125,90,121674,22950,660281,90
1126,82,121699,20750,688575,82,26644,1126,82,121699,20750,661931,82
1127,84,121897,19050,689575,84,26646,1127,84,121897,19050,662929,84
1128,88,122060,21050,693293,88,28612,1128,88,122060,21050,664681,88
1129,89,122078,22900,693793,89,27014,1129,89,122078,22900,666779,89
1130,86,122314,23650,695025,86,25994,1130,86,122314,23650,669031,86
1131,82,122450,21650,696675,82,26096,1131,82,122450,21650,670579,82
1132,80,122454,22450,698393,80,26164,1132,80,122454,22450,672229,80
1133,83,122492,17650,699675,83,26946,1133,83,122492,17650,672729,83
1134,90,122495,23400,699643,90,25862,1134,90,122495,23400,673781,90
1135,87,122706,25950,700825,87,24346,1135,87,122706,25950,676479,87
1136,80,122817,24250,701743,80,24812,1136,80,122817,24250,676931,80
1137,87,123008,24600,704125,87,250550,1137,87,123008,24600,453575,87
1138,85,123156,23600,705925,85,251339,1138,85,123156,23600,454586,85
1139,83,123159,23500,706693,83,251607,1139,83,123159,23500,455086,83
1140,81,123261,23400,708725,81,253050,1140,81,123261,23400,455675,81
1141,89,123415,24700,715425,89,258750,1141,89,123415,24700,456675,89
1142,87,123461,23700,715893,87,258768,1142,87,123461,23700,457125,87
1143,86,123503,26350,718175,86,260135,1143,86,123503,26350,458040,86
1144,88,123507,21500,718675,88,260139,1144,88,123507,21500,458536,88
1145,85,123593,21800,721975,85,262791,1145,85,123593,21800,459184,85
1146,87,123617,24150,721593,87,261118,1146,87,123617,24150,460475,87
1147,80,123658,21550,721543,80,260659,1147,80,123658,21550,460884,80
1148,89,123731,26050,724243,89,262857,1148,89,123731,26050,461386,89
1149,85,123822,20000,726125,85,264600,1149,85,123822,20000,461525,85
1150,86,123825,19150,726075,86,264350,1150,86,123825,19150,461725,86
1151,82,124177,23450,728793,82,266357,1151,82,124177,23450,462436,82
1152,86,124196,23650,729293,86,266018,1152,86,124196,23650,463275,86
1153,80,124213,25600,729375,80,265550,1153,80,124213,25600,463825,80
1154,82,124335,19400,731075,82,266985,1154,82,124335,19400,464090,82
1155,80,124492,21100,732093,80,267557,1155,80,124492,21100,464536,80
1156,81,124851,22050,734325,81,269585,1156,81,124851,22050,464740,81
1157,80,124928,21550,734693,80,269068,1157,80,124928,21550,465625,80
1158,88,125007,28250,736825,88,270585,1158,88,125007,28250,466240,88
1159,85,125243,24500,737975,85,271235,1159,85,125243,24500,466740,85
1160,87,125389,25500,741225,87,273550,1160,87,125389,25500,467675,87
1161,85,125439,21800,743075,85,274550,1161,85,125439,21800,468525,85
1162,90,125503,26100,742643,90,273568,1162,90,125503,26100,469075,90
1163,82,125591,19850,743643,82,274257,1163,82,125591,19850,469386,82
1164,83,125613,19000,745043,83,275303,1164,83,125613,19000,469740,83
1165,90,125632,24750,745325,90,275339,1165,90,125632,24750,469986,90
1166,80,125847,23350,749693,80,279157,1166,80,125847,23350,470536,80
1167,85,125915,20900,749525,85,278600,1167,85,125915,20900,470925,85
1168,90,125953,25200,751343,90,279818,1168,90,125953,25200,471525,90
1169,88,126068,25550,752893,88,280959,1169,88,126068,25550,471934,88
1170,81,126174,19350,754093,81,281418,1170,81,126174,19350,472675,81
1171,83,126366,21700,755275,83,282191,1171,83,126366,21700,473084,83
1172,90,126749,26100,758375,90,284689,1172,90,126749,26100,473686,90
1173,89,126760,25600,756293,89,282159,1173,89,126760,25600,474134,89
1174,86,126768,23200,757893,86,282968,1174,86,126768,23200,474925,86
1175,81,126884,22050,760725,81,285235,1175,81,126884,22050,475490,81
1176,88,126898,26900,760693,88,283845,1176,88,126898,26900,476848,88
1177,90,127282,22050,762625,90,284343,1177,90,127282,22050,478282,90
1178,82,127347,19850,763125,82,283743,1178,82,127347,19850,479382,82
